time,service,message
2026-03-26 14:51,customer-portal,Processed request linked to customer Karthik Reddy from IP [REDACTED] after verifying phone +91 [REDACTED].
2026-03-27 14:41,billing-api,Processed request linked to customer Aarav Mehta from IP [REDACTED] after verifying phone +91 [REDACTED].
2026-03-5 14:52,billing-api,Processed request linked to customer Karthik Reddy from IP [REDACTED] after verifying phone +91 [REDACTED].
2026-03-4 14:15,billing-api,Processed request linked to customer Aarav Mehta from IP [REDACTED] after verifying phone +91 [REDACTED].
2026-03-9 14:53,auth-service,Processed request linked to customer Karthik Reddy from IP [REDACTED] after verifying phone +91 [REDACTED].
2026-03-17 14:40,customer-portal,Processed request linked to customer Neha Kapoor from IP [REDACTED] after verifying phone +91 [REDACTED].
2026-03-26 14:33,auth-service,Processed request linked to customer Riya Sharma from IP [REDACTED] after verifying phone +91 [REDACTED].
2026-03-14 14:28,reporting-engine,Processed request linked to customer Karthik Reddy from IP [REDACTED] after verifying phone +91 [REDACTED].
2026-03-8 14:37,auth-service,Processed request linked to customer Neha Kapoor from IP [REDACTED] after verifying phone +91 [REDACTED].
2026-03-26 14:20,auth-service,Processed request linked to customer Neha Kapoor from IP [REDACTED] after verifying phone +91 [REDACTED].
2026-03-17 14:39,reporting-engine,Processed request linked to customer Riya Sharma from IP [REDACTED] after verifying phone +91 [REDACTED].
2026-03-19 14:50,billing-api,Processed request linked to customer Neha Kapoor from IP [REDACTED] after verifying phone +91 [REDACTED].
2026-03-19 14:23,reporting-engine,Processed request linked to customer Neha Kapoor from IP [REDACTED] after verifying phone +91 [REDACTED].
2026-03-7 14:59,auth-service,Processed request linked to customer Riya Sharma from IP [REDACTED] after verifying phone +91 [REDACTED].
2026-03-11 14:36,auth-service,Processed request linked to customer Karthik Reddy from IP [REDACTED] after verifying phone +91 [REDACTED].
2026-03-25 14:10,billing-api,Processed request linked to customer Riya Sharma from IP [REDACTED] after verifying phone +91 [REDACTED].
2026-03-13 14:50,customer-portal,Processed request linked to customer Aarav Mehta from IP [REDACTED] after verifying phone +91 [REDACTED].
2026-03-14 14:55,billing-api,Processed request linked to customer Karthik Reddy from IP [REDACTED] after verifying phone +91 [REDACTED].
2026-03-4 14:28,customer-portal,Processed request linked to customer Riya Sharma from IP [REDACTED] after verifying phone +91 [REDACTED].
2026-03-7 14:23,billing-api,Processed request linked to customer Neha Kapoor from IP [REDACTED] after verifying phone +91 [REDACTED].
2026-03-2 14:52,billing-api,Processed request linked to customer Riya Sharma from IP [REDACTED] after verifying phone +91 [REDACTED].
2026-03-13 14:11,auth-service,Processed request linked to customer Riya Sharma from IP [REDACTED] after verifying phone +91 [REDACTED].
2026-03-23 14:56,billing-api,Processed request linked to customer Neha Kapoor from IP [REDACTED] after verifying phone +91 [REDACTED].
2026-03-2 14:22,customer-portal,Processed request linked to customer Aarav Mehta from IP [REDACTED] after verifying phone +91 [REDACTED].
2026-03-17 14:21,billing-api,Processed request linked to customer Aarav Mehta from IP [REDACTED] after verifying phone +91 [REDACTED].
2026-03-11 14:34,auth-service,Processed request linked to customer Riya Sharma from IP [REDACTED] after verifying phone +91 [REDACTED].
2026-03-11 14:32,billing-api,Processed request linked to customer Neha Kapoor from IP [REDACTED] after verifying phone +91 [REDACTED].
2026-03-5 14:43,auth-service,Processed request linked to customer Neha Kapoor from IP [REDACTED] after verifying phone +91 [REDACTED].
2026-03-28 14:48,billing-api,Processed request linked to customer Aarav Mehta from IP [REDACTED] after verifying phone +91 [REDACTED].
2026-03-15 14:20,reporting-engine,Processed request linked to customer Aarav Mehta from IP [REDACTED] after verifying phone +91 [REDACTED].
2026-03-11 14:58,billing-api,Processed request linked to customer Karthik Reddy from IP [REDACTED] after verifying phone +91 [REDACTED].
2026-03-12 14:36,auth-service,Processed request linked to customer Neha Kapoor from IP [REDACTED] after verifying phone +91 [REDACTED].
2026-03-14 14:45,customer-portal,Processed request linked to customer Neha Kapoor from IP [REDACTED] after verifying phone +91 [REDACTED].
2026-03-4 14:50,billing-api,Processed request linked to customer Karthik Reddy from IP [REDACTED] after verifying phone +91 [REDACTED].
2026-03-11 14:11,auth-service,Processed request linked to customer Aarav Mehta from IP [REDACTED] after verifying phone +91 [REDACTED].
2026-03-22 14:26,auth-service,Processed request linked to customer Neha Kapoor from IP [REDACTED] after verifying phone +91 [REDACTED].
2026-03-12 14:30,customer-portal,Processed request linked to customer Riya Sharma from IP [REDACTED] after verifying phone +91 [REDACTED].
2026-03-2 14:43,reporting-engine,Processed request linked to customer Aarav Mehta from IP [REDACTED] after verifying phone +91 [REDACTED].
2026-03-24 14:28,billing-api,Processed request linked to customer Karthik Reddy from IP [REDACTED] after verifying phone +91 [REDACTED].
2026-03-5 14:33,billing-api,Processed request linked to customer Neha Kapoor from IP [REDACTED] after verifying phone +91 [REDACTED].
2026-03-20 14:32,auth-service,Processed request linked to customer Neha Kapoor from IP [REDACTED] after verifying phone +91 [REDACTED].
2026-03-19 14:20,customer-portal,Processed request linked to customer Karthik Reddy from IP [REDACTED] after verifying phone +91 [REDACTED].
2026-03-25 14:38,customer-portal,Processed request linked to customer Neha Kapoor from IP [REDACTED] after verifying phone +91 [REDACTED].
2026-03-7 14:50,billing-api,Processed request linked to customer Riya Sharma from IP [REDACTED] after verifying phone +91 [REDACTED].
2026-03-20 14:39,customer-portal,Processed request linked to customer Riya Sharma from IP [REDACTED] after verifying phone +91 [REDACTED].
2026-03-8 14:16,auth-service,Processed request linked to customer Aarav Mehta from IP [REDACTED] after verifying phone +91 [REDACTED].
2026-03-16 14:31,auth-service,Processed request linked to customer Aarav Mehta from IP [REDACTED] after verifying phone +91 [REDACTED].
2026-03-4 14:46,auth-service,Processed request linked to customer Karthik Reddy from IP [REDACTED] after verifying phone +91 [REDACTED].
2026-03-2 14:19,auth-service,Processed request linked to customer Riya Sharma from IP [REDACTED] after verifying phone +91 [REDACTED].
2026-03-27 14:28,reporting-engine,Processed request linked to customer Karthik Reddy from IP [REDACTED] after verifying phone +91 [REDACTED].
2026-03-20 14:59,customer-portal,Processed request linked to customer Neha Kapoor from IP [REDACTED] after verifying phone +91 [REDACTED].
2026-03-5 14:39,auth-service,Processed request linked to customer Aarav Mehta from IP [REDACTED] after verifying phone +91 [REDACTED].
2026-03-5 14:20,customer-portal,Processed request linked to customer Riya Sharma from IP [REDACTED] after verifying phone +91 [REDACTED].
2026-03-21 14:42,customer-portal,Processed request linked to customer Riya Sharma from IP [REDACTED] after verifying phone +91 [REDACTED].
2026-03-1 14:25,billing-api,Processed request linked to customer Neha Kapoor from IP [REDACTED] after verifying phone +91 [REDACTED].
2026-03-5 14:29,customer-portal,Processed request linked to customer Aarav Mehta from IP [REDACTED] after verifying phone +91 [REDACTED].
2026-03-26 14:55,customer-portal,Processed request linked to customer Karthik Reddy from IP [REDACTED] after verifying phone +91 [REDACTED].
2026-03-10 14:33,auth-service,Processed request linked to customer Karthik Reddy from IP [REDACTED] after verifying phone +91 [REDACTED].
2026-03-24 14:44,billing-api,Processed request linked to customer Riya Sharma from IP [REDACTED] after verifying phone +91 [REDACTED].
2026-03-21 14:44,customer-portal,Processed request linked to customer Riya Sharma from IP [REDACTED] after verifying phone +91 [REDACTED].
2026-03-11 14:11,auth-service,Processed request linked to customer Riya Sharma from IP [REDACTED] after verifying phone +91 [REDACTED].
2026-03-15 14:51,reporting-engine,Processed request linked to customer Riya Sharma from IP [REDACTED] after verifying phone +91 [REDACTED].
2026-03-2 14:32,billing-api,Processed request linked to customer Karthik Reddy from IP [REDACTED] after verifying phone +91 [REDACTED].
2026-03-20 14:30,customer-portal,Processed request linked to customer Neha Kapoor from IP [REDACTED] after verifying phone +91 [REDACTED].
2026-03-14 14:23,reporting-engine,Processed request linked to customer Riya Sharma from IP [REDACTED] after verifying phone +91 [REDACTED].
2026-03-13 14:33,billing-api,Processed request linked to customer Neha Kapoor from IP [REDACTED] after verifying phone +91 [REDACTED].
2026-03-15 14:25,reporting-engine,Processed request linked to customer Riya Sharma from IP [REDACTED] after verifying phone +91 [REDACTED].
2026-03-28 14:26,reporting-engine,Processed request linked to customer Riya Sharma from IP [REDACTED] after verifying phone +91 [REDACTED].
2026-03-15 14:27,billing-api,Processed request linked to customer Aarav Mehta from IP [REDACTED] after verifying phone +91 [REDACTED].
2026-03-20 14:47,reporting-engine,Processed request linked to customer Neha Kapoor from IP [REDACTED] after verifying phone +91 [REDACTED].
2026-03-27 14:24,reporting-engine,Processed request linked to customer Riya Sharma from IP [REDACTED] after verifying phone +91 [REDACTED].
2026-03-23 14:48,auth-service,Processed request linked to customer Neha Kapoor from IP [REDACTED] after verifying phone +91 [REDACTED].
2026-03-17 14:50,auth-service,Processed request linked to customer Aarav Mehta from IP [REDACTED] after verifying phone +91 [REDACTED].
2026-03-5 14:49,customer-portal,Processed request linked to customer Neha Kapoor from IP [REDACTED] after verifying phone +91 [REDACTED].
2026-03-28 14:52,customer-portal,Processed request linked to customer Aarav Mehta from IP [REDACTED] after verifying phone +91 [REDACTED].
2026-03-8 14:24,auth-service,Processed request linked to customer Karthik Reddy from IP [REDACTED] after verifying phone +91 [REDACTED].
2026-03-25 14:49,auth-service,Processed request linked to customer Karthik Reddy from IP [REDACTED] after verifying phone +91 [REDACTED].
2026-03-6 14:32,reporting-engine,Processed request linked to customer Karthik Reddy from IP [REDACTED] after verifying phone +91 [REDACTED].
2026-03-24 14:51,billing-api,Processed request linked to customer Neha Kapoor from IP [REDACTED] after verifying phone +91 [REDACTED].
2026-03-5 14:28,customer-portal,Processed request linked to customer Neha Kapoor from IP [REDACTED] after verifying phone +91 [REDACTED].
2026-03-26 14:37,reporting-engine,Processed request linked to customer Aarav Mehta from IP [REDACTED] after verifying phone +91 [REDACTED].
2026-03-23 14:59,reporting-engine,Processed request linked to customer Riya Sharma from IP [REDACTED] after verifying phone +91 [REDACTED].
2026-03-1 14:19,reporting-engine,Processed request linked to customer Neha Kapoor from IP [REDACTED] after verifying phone +91 [REDACTED].
2026-03-18 14:13,reporting-engine,Processed request linked to customer Aarav Mehta from IP [REDACTED] after verifying phone +91 [REDACTED].
2026-03-10 14:21,reporting-engine,Processed request linked to customer Karthik Reddy from IP [REDACTED] after verifying phone +91 [REDACTED].
2026-03-2 14:14,billing-api,Processed request linked to customer Karthik Reddy from IP [REDACTED] after verifying phone +91 [REDACTED].
2026-03-26 14:56,billing-api,Processed request linked to customer Neha Kapoor from IP [REDACTED] after verifying phone +91 [REDACTED].
2026-03-26 14:35,customer-portal,Processed request linked to customer Aarav Mehta from IP [REDACTED] after verifying phone +91 [REDACTED].
2026-03-10 14:29,auth-service,Processed request linked to customer Aarav Mehta from IP [REDACTED] after verifying phone +91 [REDACTED].
2026-03-25 14:52,customer-portal,Processed request linked to customer Neha Kapoor from IP [REDACTED] after verifying phone +91 [REDACTED].
2026-03-20 14:17,billing-api,Processed request linked to customer Aarav Mehta from IP [REDACTED] after verifying phone +91 [REDACTED].
2026-03-3 14:33,customer-portal,Processed request linked to customer Neha Kapoor from IP [REDACTED] after verifying phone +91 [REDACTED].
2026-03-18 14:45,billing-api,Processed request linked to customer Neha Kapoor from IP [REDACTED] after verifying phone +91 [REDACTED].
2026-03-27 14:44,auth-service,Processed request linked to customer Aarav Mehta from IP [REDACTED] after verifying phone +91 [REDACTED].
2026-03-15 14:46,reporting-engine,Processed request linked to customer Riya Sharma from IP [REDACTED] after verifying phone +91 [REDACTED].
2026-03-18 14:30,reporting-engine,Processed request linked to customer Aarav Mehta from IP [REDACTED] after verifying phone +91 [REDACTED].
2026-03-18 14:36,customer-portal,Processed request linked to customer Neha Kapoor from IP [REDACTED] after verifying phone +91 [REDACTED].
2026-03-7 14:48,reporting-engine,Processed request linked to customer Neha Kapoor from IP [REDACTED] after verifying phone +91 [REDACTED].
2026-03-26 14:52,reporting-engine,Processed request linked to customer Aarav Mehta from IP [REDACTED] after verifying phone +91 [REDACTED].
2026-03-10 14:36,customer-portal,Processed request linked to customer Karthik Reddy from IP [REDACTED] after verifying phone +91 [REDACTED].
2026-03-7 14:37,reporting-engine,Processed request linked to customer Riya Sharma from IP [REDACTED] after verifying phone +91 [REDACTED].
2026-03-10 14:39,auth-service,Processed request linked to customer Karthik Reddy from IP [REDACTED] after verifying phone +91 [REDACTED].
2026-03-9 14:23,reporting-engine,Processed request linked to customer Karthik Reddy from IP [REDACTED] after verifying phone +91 [REDACTED].
2026-03-22 14:43,billing-api,Processed request linked to customer Karthik Reddy from IP [REDACTED] after verifying phone +91 [REDACTED].
2026-03-3 14:51,reporting-engine,Processed request linked to customer Aarav Mehta from IP [REDACTED] after verifying phone +91 [REDACTED].
2026-03-5 14:14,billing-api,Processed request linked to customer Aarav Mehta from IP [REDACTED] after verifying phone +91 [REDACTED].
2026-03-6 14:45,reporting-engine,Processed request linked to customer Karthik Reddy from IP [REDACTED] after verifying phone +91 [REDACTED].
2026-03-10 14:28,reporting-engine,Processed request linked to customer Riya Sharma from IP [REDACTED] after verifying phone +91 [REDACTED].
2026-03-24 14:44,billing-api,Processed request linked to customer Neha Kapoor from IP [REDACTED] after verifying phone +91 [REDACTED].
2026-03-24 14:42,auth-service,Processed request linked to customer Riya Sharma from IP [REDACTED] after verifying phone +91 [REDACTED].
2026-03-18 14:18,reporting-engine,Processed request linked to customer Aarav Mehta from IP [REDACTED] after verifying phone +91 [REDACTED].
2026-03-22 14:44,auth-service,Processed request linked to customer Neha Kapoor from IP [REDACTED] after verifying phone +91 [REDACTED].
2026-03-18 14:28,customer-portal,Processed request linked to customer Karthik Reddy from IP [REDACTED] after verifying phone +91 [REDACTED].
2026-03-18 14:16,reporting-engine,Processed request linked to customer Riya Sharma from IP [REDACTED] after verifying phone +91 [REDACTED].
2026-03-28 14:49,billing-api,Processed request linked to customer Aarav Mehta from IP [REDACTED] after verifying phone +91 [REDACTED].
2026-03-5 14:46,reporting-engine,Processed request linked to customer Aarav Mehta from IP [REDACTED] after verifying phone +91 [REDACTED].
2026-03-8 14:38,auth-service,Processed request linked to customer Neha Kapoor from IP [REDACTED] after verifying phone +91 [REDACTED].
2026-03-16 14:46,auth-service,Processed request linked to customer Aarav Mehta from IP [REDACTED] after verifying phone +91 [REDACTED].
2026-03-16 14:52,reporting-engine,Processed request linked to customer Riya Sharma from IP [REDACTED] after verifying phone +91 [REDACTED].
2026-03-7 14:52,billing-api,Processed request linked to customer Neha Kapoor from IP [REDACTED] after verifying phone +91 [REDACTED].
2026-03-22 14:21,reporting-engine,Processed request linked to customer Karthik Reddy from IP [REDACTED] after verifying phone +91 [REDACTED].
2026-03-7 14:21,auth-service,Processed request linked to customer Karthik Reddy from IP [REDACTED] after verifying phone +91 [REDACTED].
2026-03-14 14:11,billing-api,Processed request linked to customer Neha Kapoor from IP [REDACTED] after verifying phone +91 [REDACTED].
2026-03-23 14:43,reporting-engine,Processed request linked to customer Karthik Reddy from IP [REDACTED] after verifying phone +91 [REDACTED].
2026-03-4 14:27,billing-api,Processed request linked to customer Aarav Mehta from IP [REDACTED] after verifying phone +91 [REDACTED].
2026-03-23 14:48,auth-service,Processed request linked to customer Karthik Reddy from IP [REDACTED] after verifying phone +91 [REDACTED].
2026-03-18 14:15,reporting-engine,Processed request linked to customer Karthik Reddy from IP [REDACTED] after verifying phone +91 [REDACTED].
2026-03-5 14:11,customer-portal,Processed request linked to customer Karthik Reddy from IP [REDACTED] after verifying phone +91 [REDACTED].
2026-03-11 14:27,billing-api,Processed request linked to customer Aarav Mehta from IP [REDACTED] after verifying phone +91 [REDACTED].
2026-03-7 14:25,customer-portal,Processed request linked to customer Karthik Reddy from IP [REDACTED] after verifying phone +91 [REDACTED].
2026-03-3 14:30,reporting-engine,Processed request linked to customer Aarav Mehta from IP [REDACTED] after verifying phone +91 [REDACTED].
2026-03-10 14:15,auth-service,Processed request linked to customer Aarav Mehta from IP [REDACTED] after verifying phone +91 [REDACTED].
2026-03-15 14:28,reporting-engine,Processed request linked to customer Karthik Reddy from IP [REDACTED] after verifying phone +91 [REDACTED].
2026-03-17 14:43,customer-portal,Processed request linked to customer Karthik Reddy from IP [REDACTED] after verifying phone +91 [REDACTED].
2026-03-18 14:11,auth-service,Processed request linked to customer Neha Kapoor from IP [REDACTED] after verifying phone +91 [REDACTED].
2026-03-4 14:32,reporting-engine,Processed request linked to customer Karthik Reddy from IP [REDACTED] after verifying phone +91 [REDACTED].
2026-03-4 14:28,reporting-engine,Processed request linked to customer Karthik Reddy from IP [REDACTED] after verifying phone +91 [REDACTED].
2026-03-26 14:49,auth-service,Processed request linked to customer Neha Kapoor from IP [REDACTED] after verifying phone +91 [REDACTED].
2026-03-19 14:11,reporting-engine,Processed request linked to customer Aarav Mehta from IP [REDACTED] after verifying phone +91 [REDACTED].
2026-03-3 14:18,auth-service,Processed request linked to customer Aarav Mehta from IP [REDACTED] after verifying phone +91 [REDACTED].
2026-03-11 14:31,customer-portal,Processed request linked to customer Karthik Reddy from IP [REDACTED] after verifying phone +91 [REDACTED].
2026-03-6 14:17,billing-api,Processed request linked to customer Riya Sharma from IP [REDACTED] after verifying phone +91 [REDACTED].
2026-03-18 14:20,billing-api,Processed request linked to customer Riya Sharma from IP [REDACTED] after verifying phone +91 [REDACTED].
2026-03-21 14:58,billing-api,Processed request linked to customer Aarav Mehta from IP [REDACTED] after verifying phone +91 [REDACTED].
2026-03-25 14:10,billing-api,Processed request linked to customer Aarav Mehta from IP [REDACTED] after verifying phone +91 [REDACTED].
2026-03-16 14:40,billing-api,Processed request linked to customer Neha Kapoor from IP [REDACTED] after verifying phone +91 [REDACTED].
2026-03-28 14:55,customer-portal,Processed request linked to customer Karthik Reddy from IP [REDACTED] after verifying phone +91 [REDACTED].
2026-03-19 14:51,billing-api,Processed request linked to customer Riya Sharma from IP [REDACTED] after verifying phone +91 [REDACTED].
2026-03-5 14:47,customer-portal,Processed request linked to customer Neha Kapoor from IP [REDACTED] after verifying phone +91 [REDACTED].
2026-03-4 14:19,reporting-engine,Processed request linked to customer Aarav Mehta from IP [REDACTED] after verifying phone +91 [REDACTED].
2026-03-4 14:50,billing-api,Processed request linked to customer Neha Kapoor from IP [REDACTED] after verifying phone +91 [REDACTED].
2026-03-15 14:39,reporting-engine,Processed request linked to customer Riya Sharma from IP [REDACTED] after verifying phone +91 [REDACTED].
2026-03-4 14:35,reporting-engine,Processed request linked to customer Neha Kapoor from IP [REDACTED] after verifying phone +91 [REDACTED].
2026-03-7 14:34,billing-api,Processed request linked to customer Karthik Reddy from IP [REDACTED] after verifying phone +91 [REDACTED].
2026-03-17 14:39,billing-api,Processed request linked to customer Aarav Mehta from IP [REDACTED] after verifying phone +91 [REDACTED].
2026-03-13 14:31,customer-portal,Processed request linked to customer Riya Sharma from IP [REDACTED] after verifying phone +91 [REDACTED].
2026-03-21 14:49,reporting-engine,Processed request linked to customer Aarav Mehta from IP [REDACTED] after verifying phone +91 [REDACTED].
2026-03-6 14:31,customer-portal,Processed request linked to customer Karthik Reddy from IP [REDACTED] after verifying phone +91 [REDACTED].
2026-03-9 14:42,billing-api,Processed request linked to customer Karthik Reddy from IP [REDACTED] after verifying phone +91 [REDACTED].
2026-03-17 14:27,customer-portal,Processed request linked to customer Neha Kapoor from IP [REDACTED] after verifying phone +91 [REDACTED].
2026-03-25 14:12,billing-api,Processed request linked to customer Riya Sharma from IP [REDACTED] after verifying phone +91 [REDACTED].
2026-03-25 14:25,auth-service,Processed request linked to customer Karthik Reddy from IP [REDACTED] after verifying phone +91 [REDACTED].
2026-03-15 14:42,reporting-engine,Processed request linked to customer Riya Sharma from IP [REDACTED] after verifying phone +91 [REDACTED].
2026-03-19 14:27,billing-api,Processed request linked to customer Aarav Mehta from IP [REDACTED] after verifying phone +91 [REDACTED].
2026-03-13 14:29,auth-service,Processed request linked to customer Karthik Reddy from IP [REDACTED] after verifying phone +91 [REDACTED].
2026-03-24 14:54,billing-api,Processed request linked to customer Karthik Reddy from IP [REDACTED] after verifying phone +91 [REDACTED].
2026-03-5 14:33,billing-api,Processed request linked to customer Riya Sharma from IP [REDACTED] after verifying phone +91 [REDACTED].
2026-03-21 14:41,customer-portal,Processed request linked to customer Aarav Mehta from IP [REDACTED] after verifying phone +91 [REDACTED].
2026-03-8 14:18,billing-api,Processed request linked to customer Neha Kapoor from IP [REDACTED] after verifying phone +91 [REDACTED].
2026-03-15 14:51,billing-api,Processed request linked to customer Karthik Reddy from IP [REDACTED] after verifying phone +91 [REDACTED].
2026-03-19 14:32,billing-api,Processed request linked to customer Neha Kapoor from IP [REDACTED] after verifying phone +91 [REDACTED].
2026-03-11 14:49,billing-api,Processed request linked to customer Riya Sharma from IP [REDACTED] after verifying phone +91 [REDACTED].
2026-03-24 14:17,billing-api,Processed request linked to customer Neha Kapoor from IP [REDACTED] after verifying phone +91 [REDACTED].
2026-03-11 14:56,auth-service,Processed request linked to customer Neha Kapoor from IP [REDACTED] after verifying phone +91 [REDACTED].
2026-03-11 14:45,customer-portal,Processed request linked to customer Aarav Mehta from IP [REDACTED] after verifying phone +91 [REDACTED].
2026-03-23 14:13,customer-portal,Processed request linked to customer Aarav Mehta from IP [REDACTED] after verifying phone +91 [REDACTED].
2026-03-21 14:12,reporting-engine,Processed request linked to customer Karthik Reddy from IP [REDACTED] after verifying phone +91 [REDACTED].
2026-03-27 14:37,customer-portal,Processed request linked to customer Karthik Reddy from IP [REDACTED] after verifying phone +91 [REDACTED].
2026-03-16 14:16,customer-portal,Processed request linked to customer Neha Kapoor from IP [REDACTED] after verifying phone +91 [REDACTED].
2026-03-1 14:19,billing-api,Processed request linked to customer Karthik Reddy from IP [REDACTED] after verifying phone +91 [REDACTED].
2026-03-20 14:55,auth-service,Processed request linked to customer Karthik Reddy from IP [REDACTED] after verifying phone +91 [REDACTED].
2026-03-9 14:36,auth-service,Processed request linked to customer Neha Kapoor from IP [REDACTED] after verifying phone +91 [REDACTED].
2026-03-28 14:52,customer-portal,Processed request linked to customer Riya Sharma from IP [REDACTED] after verifying phone +91 [REDACTED].
2026-03-19 14:59,billing-api,Processed request linked to customer Riya Sharma from IP [REDACTED] after verifying phone +91 [REDACTED].
2026-03-17 14:39,auth-service,Processed request linked to customer Aarav Mehta from IP [REDACTED] after verifying phone +91 [REDACTED].
2026-03-26 14:59,billing-api,Processed request linked to customer Karthik Reddy from IP [REDACTED] after verifying phone +91 [REDACTED].
2026-03-19 14:12,customer-portal,Processed request linked to customer Karthik Reddy from IP [REDACTED] after verifying phone +91 [REDACTED].
2026-03-28 14:40,auth-service,Processed request linked to customer Neha Kapoor from IP [REDACTED] after verifying phone +91 [REDACTED].
2026-03-12 14:32,reporting-engine,Processed request linked to customer Aarav Mehta from IP [REDACTED] after verifying phone +91 [REDACTED].
2026-03-12 14:24,reporting-engine,Processed request linked to customer Riya Sharma from IP [REDACTED] after verifying phone +91 [REDACTED].
2026-03-23 14:48,billing-api,Processed request linked to customer Neha Kapoor from IP [REDACTED] after verifying phone +91 [REDACTED].
2026-03-13 14:29,auth-service,Processed request linked to customer Aarav Mehta from IP [REDACTED] after verifying phone +91 [REDACTED].
2026-03-12 14:18,auth-service,Processed request linked to customer Neha Kapoor from IP [REDACTED] after verifying phone +91 [REDACTED].
2026-03-1 14:35,auth-service,Processed request linked to customer Aarav Mehta from IP [REDACTED] after verifying phone +91 [REDACTED].
2026-03-7 14:42,reporting-engine,Processed request linked to customer Aarav Mehta from IP [REDACTED] after verifying phone +91 [REDACTED].
2026-03-3 14:58,billing-api,Processed request linked to customer Karthik Reddy from IP [REDACTED] after verifying phone +91 [REDACTED].
2026-03-24 14:20,billing-api,Processed request linked to customer Aarav Mehta from IP [REDACTED] after verifying phone +91 [REDACTED].
2026-03-19 14:10,auth-service,Processed request linked to customer Riya Sharma from IP [REDACTED] after verifying phone +91 [REDACTED].
2026-03-4 14:46,billing-api,Processed request linked to customer Karthik Reddy from IP [REDACTED] after verifying phone +91 [REDACTED].
2026-03-13 14:19,billing-api,Processed request linked to customer Aarav Mehta from IP [REDACTED] after verifying phone +91 [REDACTED].
2026-03-26 14:56,billing-api,Processed request linked to customer Aarav Mehta from IP [REDACTED] after verifying phone +91 [REDACTED].
2026-03-11 14:43,reporting-engine,Processed request linked to customer Aarav Mehta from IP [REDACTED] after verifying phone +91 [REDACTED].
2026-03-3 14:43,customer-portal,Processed request linked to customer Neha Kapoor from IP [REDACTED] after verifying phone +91 [REDACTED].
2026-03-9 14:52,auth-service,Processed request linked to customer Aarav Mehta from IP [REDACTED] after verifying phone +91 [REDACTED].
2026-03-7 14:52,reporting-engine,Processed request linked to customer Neha Kapoor from IP [REDACTED] after verifying phone +91 [REDACTED].
2026-03-9 14:42,customer-portal,Processed request linked to customer Riya Sharma from IP [REDACTED] after verifying phone +91 [REDACTED].
2026-03-19 14:47,reporting-engine,Processed request linked to customer Riya Sharma from IP [REDACTED] after verifying phone +91 [REDACTED].
2026-03-25 14:44,billing-api,Processed request linked to customer Neha Kapoor from IP [REDACTED] after verifying phone +91 [REDACTED].
2026-03-6 14:45,reporting-engine,Processed request linked to customer Neha Kapoor from IP [REDACTED] after verifying phone +91 [REDACTED].
2026-03-8 14:46,auth-service,Processed request linked to customer Riya Sharma from IP [REDACTED] after verifying phone +91 [REDACTED].
2026-03-13 14:39,billing-api,Processed request linked to customer Karthik Reddy from IP [REDACTED] after verifying phone +91 [REDACTED].
2026-03-1 14:45,billing-api,Processed request linked to customer Riya Sharma from IP [REDACTED] after verifying phone +91 [REDACTED].
2026-03-28 14:51,reporting-engine,Processed request linked to customer Riya Sharma from IP [REDACTED] after verifying phone +91 [REDACTED].
2026-03-11 14:12,auth-service,Processed request linked to customer Aarav Mehta from IP [REDACTED] after verifying phone +91 [REDACTED].
2026-03-4 14:35,auth-service,Processed request linked to customer Karthik Reddy from IP [REDACTED] after verifying phone +91 [REDACTED].
2026-03-16 14:25,reporting-engine,Processed request linked to customer Aarav Mehta from IP [REDACTED] after verifying phone +91 [REDACTED].
2026-03-23 14:38,billing-api,Processed request linked to customer Aarav Mehta from IP [REDACTED] after verifying phone +91 [REDACTED].
2026-03-1 14:58,reporting-engine,Processed request linked to customer Karthik Reddy from IP [REDACTED] after verifying phone +91 [REDACTED].
2026-03-4 14:20,billing-api,Processed request linked to customer Karthik Reddy from IP [REDACTED] after verifying phone +91 [REDACTED].
2026-03-11 14:37,reporting-engine,Processed request linked to customer Neha Kapoor from IP [REDACTED] after verifying phone +91 [REDACTED].
2026-03-8 14:16,auth-service,Processed request linked to customer Neha Kapoor from IP [REDACTED] after verifying phone +91 [REDACTED].
2026-03-5 14:54,billing-api,Processed request linked to customer Neha Kapoor from IP [REDACTED] after verifying phone +91 [REDACTED].
2026-03-10 14:11,billing-api,Processed request linked to customer Neha Kapoor from IP [REDACTED] after verifying phone +91 [REDACTED].
2026-03-1 14:44,reporting-engine,Processed request linked to customer Aarav Mehta from IP [REDACTED] after verifying phone +91 [REDACTED].
2026-03-20 14:53,billing-api,Processed request linked to customer Neha Kapoor from IP [REDACTED] after verifying phone +91 [REDACTED].
2026-03-15 14:12,auth-service,Processed request linked to customer Aarav Mehta from IP [REDACTED] after verifying phone +91 [REDACTED].
2026-03-24 14:55,billing-api,Processed request linked to customer Neha Kapoor from IP [REDACTED] after verifying phone +91 [REDACTED].
2026-03-19 14:10,auth-service,Processed request linked to customer Karthik Reddy from IP [REDACTED] after verifying phone +91 [REDACTED].
2026-03-8 14:34,customer-portal,Processed request linked to customer Aarav Mehta from IP [REDACTED] after verifying phone +91 [REDACTED].
2026-03-16 14:48,auth-service,Processed request linked to customer Neha Kapoor from IP [REDACTED] after verifying phone +91 [REDACTED].
2026-03-17 14:54,billing-api,Processed request linked to customer Karthik Reddy from IP [REDACTED] after verifying phone +91 [REDACTED].
2026-03-14 14:28,customer-portal,Processed request linked to customer Riya Sharma from IP [REDACTED] after verifying phone +91 [REDACTED].
2026-03-28 14:56,reporting-engine,Processed request linked to customer Riya Sharma from IP [REDACTED] after verifying phone +91 [REDACTED].
2026-03-3 14:49,reporting-engine,Processed request linked to customer Karthik Reddy from IP [REDACTED] after verifying phone +91 [REDACTED].
2026-03-8 14:30,customer-portal,Processed request linked to customer Neha Kapoor from IP [REDACTED] after verifying phone +91 [REDACTED].
2026-03-24 14:12,billing-api,Processed request linked to customer Aarav Mehta from IP [REDACTED] after verifying phone +91 [REDACTED].
2026-03-3 14:18,customer-portal,Processed request linked to customer Karthik Reddy from IP [REDACTED] after verifying phone +91 [REDACTED].
2026-03-13 14:38,reporting-engine,Processed request linked to customer Aarav Mehta from IP [REDACTED] after verifying phone +91 [REDACTED].
2026-03-1 14:21,billing-api,Processed request linked to customer Karthik Reddy from IP [REDACTED] after verifying phone +91 [REDACTED].
2026-03-9 14:41,customer-portal,Processed request linked to customer Aarav Mehta from IP [REDACTED] after verifying phone +91 [REDACTED].
2026-03-21 14:58,auth-service,Processed request linked to customer Neha Kapoor from IP [REDACTED] after verifying phone +91 [REDACTED].
2026-03-11 14:23,reporting-engine,Processed request linked to customer Karthik Reddy from IP [REDACTED] after verifying phone +91 [REDACTED].
2026-03-18 14:33,customer-portal,Processed request linked to customer Karthik Reddy from IP [REDACTED] after verifying phone +91 [REDACTED].
2026-03-1 14:41,customer-portal,Processed request linked to customer Karthik Reddy from IP [REDACTED] after verifying phone +91 [REDACTED].
2026-03-15 14:19,reporting-engine,Processed request linked to customer Riya Sharma from IP [REDACTED] after verifying phone +91 [REDACTED].
2026-03-25 14:58,customer-portal,Processed request linked to customer Riya Sharma from IP [REDACTED] after verifying phone +91 [REDACTED].
2026-03-25 14:58,reporting-engine,Processed request linked to customer Riya Sharma from IP [REDACTED] after verifying phone +91 [REDACTED].
2026-03-13 14:24,reporting-engine,Processed request linked to customer Karthik Reddy from IP [REDACTED] after verifying phone +91 [REDACTED].
2026-03-13 14:40,customer-portal,Processed request linked to customer Aarav Mehta from IP [REDACTED] after verifying phone +91 [REDACTED].
2026-03-12 14:38,billing-api,Processed request linked to customer Aarav Mehta from IP [REDACTED] after verifying phone +91 [REDACTED].
2026-03-26 14:41,reporting-engine,Processed request linked to customer Aarav Mehta from IP [REDACTED] after verifying phone +91 [REDACTED].
2026-03-26 14:28,reporting-engine,Processed request linked to customer Aarav Mehta from IP [REDACTED] after verifying phone +91 [REDACTED].
2026-03-6 14:33,billing-api,Processed request linked to customer Neha Kapoor from IP [REDACTED] after verifying phone +91 [REDACTED].
2026-03-20 14:22,reporting-engine,Processed request linked to customer Karthik Reddy from IP [REDACTED] after verifying phone +91 [REDACTED].
2026-03-21 14:16,reporting-engine,Processed request linked to customer Aarav Mehta from IP [REDACTED] after verifying phone +91 [REDACTED].
2026-03-12 14:25,auth-service,Processed request linked to customer Riya Sharma from IP [REDACTED] after verifying phone +91 [REDACTED].
2026-03-19 14:52,billing-api,Processed request linked to customer Karthik Reddy from IP [REDACTED] after verifying phone +91 [REDACTED].
2026-03-1 14:29,customer-portal,Processed request linked to customer Riya Sharma from IP [REDACTED] after verifying phone +91 [REDACTED].
2026-03-13 14:56,customer-portal,Processed request linked to customer Aarav Mehta from IP [REDACTED] after verifying phone +91 [REDACTED].
2026-03-3 14:37,auth-service,Processed request linked to customer Aarav Mehta from IP [REDACTED] after verifying phone +91 [REDACTED].
2026-03-17 14:11,billing-api,Processed request linked to customer Riya Sharma from IP [REDACTED] after verifying phone +91 [REDACTED].
2026-03-22 14:59,reporting-engine,Processed request linked to customer Aarav Mehta from IP [REDACTED] after verifying phone +91 [REDACTED].
2026-03-15 14:42,billing-api,Processed request linked to customer Neha Kapoor from IP [REDACTED] after verifying phone +91 [REDACTED].
2026-03-12 14:42,auth-service,Processed request linked to customer Riya Sharma from IP [REDACTED] after verifying phone +91 [REDACTED].
2026-03-2 14:57,auth-service,Processed request linked to customer Neha Kapoor from IP [REDACTED] after verifying phone +91 [REDACTED].
2026-03-7 14:42,billing-api,Processed request linked to customer Karthik Reddy from IP [REDACTED] after verifying phone +91 [REDACTED].
2026-03-20 14:31,auth-service,Processed request linked to customer Neha Kapoor from IP [REDACTED] after verifying phone +91 [REDACTED].
2026-03-12 14:29,billing-api,Processed request linked to customer Aarav Mehta from IP [REDACTED] after verifying phone +91 [REDACTED].
2026-03-10 14:49,billing-api,Processed request linked to customer Karthik Reddy from IP [REDACTED] after verifying phone +91 [REDACTED].
2026-03-11 14:32,reporting-engine,Processed request linked to customer Aarav Mehta from IP [REDACTED] after verifying phone +91 [REDACTED].
2026-03-28 14:16,billing-api,Processed request linked to customer Neha Kapoor from IP [REDACTED] after verifying phone +91 [REDACTED].
2026-03-20 14:21,customer-portal,Processed request linked to customer Neha Kapoor from IP [REDACTED] after verifying phone +91 [REDACTED].
2026-03-4 14:24,customer-portal,Processed request linked to customer Riya Sharma from IP [REDACTED] after verifying phone +91 [REDACTED].
2026-03-20 14:32,customer-portal,Processed request linked to customer Karthik Reddy from IP [REDACTED] after verifying phone +91 [REDACTED].
2026-03-3 14:52,customer-portal,Processed request linked to customer Neha Kapoor from IP [REDACTED] after verifying phone +91 [REDACTED].
2026-03-3 14:31,customer-portal,Processed request linked to customer Neha Kapoor from IP [REDACTED] after verifying phone +91 [REDACTED].
2026-03-3 14:25,auth-service,Processed request linked to customer Karthik Reddy from IP [REDACTED] after verifying phone +91 [REDACTED].
2026-03-3 14:24,auth-service,Processed request linked to customer Riya Sharma from IP [REDACTED] after verifying phone +91 [REDACTED].
2026-03-18 14:36,billing-api,Processed request linked to customer Neha Kapoor from IP [REDACTED] after verifying phone +91 [REDACTED].
2026-03-2 14:56,billing-api,Processed request linked to customer Karthik Reddy from IP [REDACTED] after verifying phone +91 [REDACTED].
2026-03-23 14:21,reporting-engine,Processed request linked to customer Aarav Mehta from IP [REDACTED] after verifying phone +91 [REDACTED].
2026-03-14 14:58,reporting-engine,Processed request linked to customer Karthik Reddy from IP [REDACTED] after verifying phone +91 [REDACTED].
2026-03-6 14:54,auth-service,Processed request linked to customer Riya Sharma from IP [REDACTED] after verifying phone +91 [REDACTED].
2026-03-13 14:39,customer-portal,Processed request linked to customer Riya Sharma from IP [REDACTED] after verifying phone +91 [REDACTED].
2026-03-4 14:14,customer-portal,Processed request linked to customer Riya Sharma from IP [REDACTED] after verifying phone +91 [REDACTED].
2026-03-10 14:56,billing-api,Processed request linked to customer Neha Kapoor from IP [REDACTED] after verifying phone +91 [REDACTED].
2026-03-4 14:34,billing-api,Processed request linked to customer Neha Kapoor from IP [REDACTED] after verifying phone +91 [REDACTED].
2026-03-11 14:10,customer-portal,Processed request linked to customer Aarav Mehta from IP [REDACTED] after verifying phone +91 [REDACTED].
2026-03-19 14:27,auth-service,Processed request linked to customer Karthik Reddy from IP [REDACTED] after verifying phone +91 [REDACTED].
2026-03-19 14:59,billing-api,Processed request linked to customer Riya Sharma from IP [REDACTED] after verifying phone +91 [REDACTED].
2026-03-11 14:21,auth-service,Processed request linked to customer Riya Sharma from IP [REDACTED] after verifying phone +91 [REDACTED].
2026-03-16 14:21,auth-service,Processed request linked to customer Karthik Reddy from IP [REDACTED] after verifying phone +91 [REDACTED].
2026-03-5 14:14,billing-api,Processed request linked to customer Aarav Mehta from IP [REDACTED] after verifying phone +91 [REDACTED].
2026-03-22 14:26,auth-service,Processed request linked to customer Aarav Mehta from IP [REDACTED] after verifying phone +91 [REDACTED].
2026-03-17 14:56,reporting-engine,Processed request linked to customer Karthik Reddy from IP [REDACTED] after verifying phone +91 [REDACTED].
2026-03-28 14:32,customer-portal,Processed request linked to customer Riya Sharma from IP [REDACTED] after verifying phone +91 [REDACTED].
2026-03-20 14:39,customer-portal,Processed request linked to customer Aarav Mehta from IP [REDACTED] after verifying phone +91 [REDACTED].
2026-03-7 14:44,billing-api,Processed request linked to customer Karthik Reddy from IP [REDACTED] after verifying phone +91 [REDACTED].
2026-03-10 14:12,billing-api,Processed request linked to customer Riya Sharma from IP [REDACTED] after verifying phone +91 [REDACTED].
2026-03-11 14:28,reporting-engine,Processed request linked to customer Aarav Mehta from IP [REDACTED] after verifying phone +91 [REDACTED].
2026-03-3 14:11,customer-portal,Processed request linked to customer Aarav Mehta from IP [REDACTED] after verifying phone +91 [REDACTED].
2026-03-15 14:36,reporting-engine,Processed request linked to customer Karthik Reddy from IP [REDACTED] after verifying phone +91 [REDACTED].
2026-03-24 14:22,reporting-engine,Processed request linked to customer Riya Sharma from IP [REDACTED] after verifying phone +91 [REDACTED].
2026-03-3 14:46,reporting-engine,Processed request linked to customer Karthik Reddy from IP [REDACTED] after verifying phone +91 [REDACTED].
2026-03-15 14:51,customer-portal,Processed request linked to customer Riya Sharma from IP [REDACTED] after verifying phone +91 [REDACTED].
2026-03-28 14:30,reporting-engine,Processed request linked to customer Neha Kapoor from IP [REDACTED] after verifying phone +91 [REDACTED].
2026-03-19 14:55,auth-service,Processed request linked to customer Karthik Reddy from IP [REDACTED] after verifying phone +91 [REDACTED].
2026-03-14 14:40,billing-api,Processed request linked to customer Aarav Mehta from IP [REDACTED] after verifying phone +91 [REDACTED].
2026-03-2 14:39,auth-service,Processed request linked to customer Aarav Mehta from IP [REDACTED] after verifying phone +91 [REDACTED].
2026-03-20 14:39,auth-service,Processed request linked to customer Karthik Reddy from IP [REDACTED] after verifying phone +91 [REDACTED].
2026-03-4 14:27,auth-service,Processed request linked to customer Aarav Mehta from IP [REDACTED] after verifying phone +91 [REDACTED].
2026-03-26 14:46,auth-service,Processed request linked to customer Neha Kapoor from IP [REDACTED] after verifying phone +91 [REDACTED].
2026-03-12 14:33,reporting-engine,Processed request linked to customer Riya Sharma from IP [REDACTED] after verifying phone +91 [REDACTED].
2026-03-7 14:58,billing-api,Processed request linked to customer Riya Sharma from IP [REDACTED] after verifying phone +91 [REDACTED].
2026-03-9 14:12,billing-api,Processed request linked to customer Neha Kapoor from IP [REDACTED] after verifying phone +91 [REDACTED].
2026-03-22 14:12,reporting-engine,Processed request linked to customer Neha Kapoor from IP [REDACTED] after verifying phone +91 [REDACTED].
2026-03-23 14:17,auth-service,Processed request linked to customer Karthik Reddy from IP [REDACTED] after verifying phone +91 [REDACTED].
2026-03-7 14:31,reporting-engine,Processed request linked to customer Karthik Reddy from IP [REDACTED] after verifying phone +91 [REDACTED].
2026-03-15 14:30,auth-service,Processed request linked to customer Neha Kapoor from IP [REDACTED] after verifying phone +91 [REDACTED].
2026-03-15 14:10,auth-service,Processed request linked to customer Neha Kapoor from IP [REDACTED] after verifying phone +91 [REDACTED].
2026-03-5 14:10,billing-api,Processed request linked to customer Aarav Mehta from IP [REDACTED] after verifying phone +91 [REDACTED].
2026-03-26 14:20,auth-service,Processed request linked to customer Aarav Mehta from IP [REDACTED] after verifying phone +91 [REDACTED].
2026-03-14 14:59,auth-service,Processed request linked to customer Aarav Mehta from IP [REDACTED] after verifying phone +91 [REDACTED].
2026-03-14 14:14,auth-service,Processed request linked to customer Riya Sharma from IP [REDACTED] after verifying phone +91 [REDACTED].
2026-03-23 14:50,auth-service,Processed request linked to customer Riya Sharma from IP [REDACTED] after verifying phone +91 [REDACTED].
2026-03-24 14:12,billing-api,Processed request linked to customer Karthik Reddy from IP [REDACTED] after verifying phone +91 [REDACTED].
2026-03-16 14:28,reporting-engine,Processed request linked to customer Karthik Reddy from IP [REDACTED] after verifying phone +91 [REDACTED].
2026-03-16 14:16,reporting-engine,Processed request linked to customer Neha Kapoor from IP [REDACTED] after verifying phone +91 [REDACTED].
2026-03-23 14:35,reporting-engine,Processed request linked to customer Karthik Reddy from IP [REDACTED] after verifying phone +91 [REDACTED].
2026-03-25 14:48,billing-api,Processed request linked to customer Neha Kapoor from IP [REDACTED] after verifying phone +91 [REDACTED].
2026-03-13 14:33,reporting-engine,Processed request linked to customer Neha Kapoor from IP [REDACTED] after verifying phone +91 [REDACTED].
2026-03-11 14:10,auth-service,Processed request linked to customer Aarav Mehta from IP [REDACTED] after verifying phone +91 [REDACTED].
2026-03-16 14:26,customer-portal,Processed request linked to customer Neha Kapoor from IP [REDACTED] after verifying phone +91 [REDACTED].
2026-03-19 14:17,reporting-engine,Processed request linked to customer Aarav Mehta from IP [REDACTED] after verifying phone +91 [REDACTED].
2026-03-9 14:10,customer-portal,Processed request linked to customer Riya Sharma from IP [REDACTED] after verifying phone +91 [REDACTED].
2026-03-4 14:31,auth-service,Processed request linked to customer Neha Kapoor from IP [REDACTED] after verifying phone +91 [REDACTED].
2026-03-18 14:50,customer-portal,Processed request linked to customer Neha Kapoor from IP [REDACTED] after verifying phone +91 [REDACTED].
2026-03-25 14:23,billing-api,Processed request linked to customer Neha Kapoor from IP [REDACTED] after verifying phone +91 [REDACTED].
2026-03-8 14:20,billing-api,Processed request linked to customer Neha Kapoor from IP [REDACTED] after verifying phone +91 [REDACTED].
2026-03-11 14:13,reporting-engine,Processed request linked to customer Neha Kapoor from IP [REDACTED] after verifying phone +91 [REDACTED].
2026-03-14 14:12,customer-portal,Processed request linked to customer Aarav Mehta from IP [REDACTED] after verifying phone +91 [REDACTED].
2026-03-26 14:45,auth-service,Processed request linked to customer Aarav Mehta from IP [REDACTED] after verifying phone +91 [REDACTED].
2026-03-27 14:51,reporting-engine,Processed request linked to customer Neha Kapoor from IP [REDACTED] after verifying phone +91 [REDACTED].
2026-03-19 14:57,customer-portal,Processed request linked to customer Aarav Mehta from IP [REDACTED] after verifying phone +91 [REDACTED].
2026-03-14 14:51,billing-api,Processed request linked to customer Neha Kapoor from IP [REDACTED] after verifying phone +91 [REDACTED].
2026-03-19 14:17,customer-portal,Processed request linked to customer Aarav Mehta from IP [REDACTED] after verifying phone +91 [REDACTED].
2026-03-18 14:38,billing-api,Processed request linked to customer Riya Sharma from IP [REDACTED] after verifying phone +91 [REDACTED].
2026-03-3 14:28,auth-service,Processed request linked to customer Riya Sharma from IP [REDACTED] after verifying phone +91 [REDACTED].
2026-03-16 14:28,auth-service,Processed request linked to customer Neha Kapoor from IP [REDACTED] after verifying phone +91 [REDACTED].
2026-03-15 14:28,billing-api,Processed request linked to customer Riya Sharma from IP [REDACTED] after verifying phone +91 [REDACTED].
